region,activity,sex,count
Вінницька,Надання інших видів послуг,Жінки,1960
Вінницька,"Професійна, наукова та технічна діяльність",Жінки,227
Вінницька,Оптова та роздрібна торгівля; ремонт автотранспортних засобів і мотоциклів,Жінки,715
Вінницька,"Сільське господарство, лісове господарство та рибне господарство",Жінки,602
Вінницька,"Мистецтво, спорт, розваги та відпочинок",Жінки,185
Вінницька,"Транспорт, складське господарство, поштова та кур'єрська діяльність",Жінки,124
Вінницька,Добувна промисловість і розроблення кар'єрів,Жінки,12
Вінницька,Діяльність у сфері адміністративного та допоміжного обслуговування,Жінки,861
Вінницька,Охорона здоров'я та надання соціальної допомоги,Жінки,445
Вінницька,Операції з нерухомим майном,Жінки,364
Вінницька,Державне управління й оборона; обов'язкове соціальне страхування,Жінки,1053
Вінницька,Операції з нерухомим майном,Чоловіки,578
Вінницька,"Транспорт, складське господарство, поштова та кур'єрська діяльність",Чоловіки,315
Вінницька,"Постачання електроенергії, газу, пари та кондиційованого повітря",Чоловіки,118
Вінницька,"Водопостачання; каналізація, поводження з відходами",Жінки,49
Вінницька,Освіта,Чоловіки,415
Вінницька,Освіта,Жінки,1208
Вінницька,Надання інших видів послуг,Чоловіки,4260
Вінницька,Інформація та телекомунікації,Жінки,142
Вінницька,"Мистецтво, спорт, розваги та відпочинок",Чоловіки,105
Вінницька,"Постачання електроенергії, газу, пари та кондиційованого повітря",Жінки,22
Вінницька,Тимчасове розміщування й організація харчування,Чоловіки,65
Вінницька,Переробна промисловість,Жінки,251
Вінницька,Тимчасове розміщування й організація харчування,Жінки,58
Вінницька,"Професійна, наукова та технічна діяльність",Чоловіки,304
Вінницька,Фінансова та страхова діяльність,Чоловіки,21
Вінницька,Оптова та роздрібна торгівля; ремонт автотранспортних засобів і мотоциклів,Чоловіки,1415
Вінницька,Державне управління й оборона; обов'язкове соціальне страхування,Чоловіки,772
Вінницька,"Водопостачання; каналізація, поводження з відходами",Чоловіки,145
Вінницька,Переробна промисловість,Чоловіки,865
Вінницька,Охорона здоров'я та надання соціальної допомоги,Чоловіки,649
Вінницька,"Сільське господарство, лісове господарство та рибне господарство",Чоловіки,2373
Вінницька,Діяльність у сфері адміністративного та допоміжного обслуговування,Чоловіки,1045
Вінницька,Інформація та телекомунікації,Чоловіки,221
Вінницька,Будівництво,Чоловіки,604
Вінницька,Будівництво,Жінки,118
Вінницька,Добувна промисловість і розроблення кар'єрів,Чоловіки,48
Вінницька,Фінансова та страхова діяльність,Жінки,13
Волинська,"Водопостачання; каналізація, поводження з відходами",Жінки,9
Волинська,Охорона здоров'я та надання соціальної допомоги,Жінки,294
Волинська,"Мистецтво, спорт, розваги та відпочинок",Чоловіки,51
Волинська,Освіта,Чоловіки,317
Волинська,Будівництво,Жінки,88
Волинська,Діяльність у сфері адміністративного та допоміжного обслуговування,Чоловіки,1190
Волинська,Освіта,Жінки,998
Волинська,Фінансова та страхова діяльність,Жінки,6
Волинська,Переробна промисловість,Чоловіки,576
Волинська,"Постачання електроенергії, газу, пари та кондиційованого повітря",Чоловіки,38
Волинська,Оптова та роздрібна торгівля; ремонт автотранспортних засобів і мотоциклів,Чоловіки,1192
Волинська,"Транспорт, складське господарство, поштова та кур'єрська діяльність",Чоловіки,507
Волинська,Оптова та роздрібна торгівля; ремонт автотранспортних засобів і мотоциклів,Жінки,631
Волинська,Операції з нерухомим майном,Чоловіки,370
Волинська,Фінансова та страхова діяльність,Чоловіки,20
Волинська,Операції з нерухомим майном,Жінки,295
Волинська,"Постачання електроенергії, газу, пари та кондиційованого повітря",Жінки,12
Волинська,Надання інших видів послуг,Чоловіки,3474
Волинська,Державне управління й оборона; обов'язкове соціальне страхування,Чоловіки,390
Волинська,Тимчасове розміщування й організація харчування,Жінки,86
Волинська,Надання інших видів послуг,Жінки,1183
Волинська,"Транспорт, складське господарство, поштова та кур'єрська діяльність",Жінки,192
Волинська,Діяльність у сфері адміністративного та допоміжного обслуговування,Жінки,1062
Волинська,Добувна промисловість і розроблення кар'єрів,Жінки,6
Волинська,Будівництво,Чоловіки,368
Волинська,Тимчасове розміщування й організація харчування,Чоловіки,49
Волинська,"Водопостачання; каналізація, поводження з відходами",Чоловіки,55
Волинська,Добувна промисловість і розроблення кар'єрів,Чоловіки,24
Волинська,"Сільське господарство, лісове господарство та рибне господарство",Чоловіки,829
Волинська,Інформація та телекомунікації,Жінки,45
Волинська,Інформація та телекомунікації,Чоловіки,103
Волинська,"Сільське господарство, лісове господарство та рибне господарство",Жінки,183
Волинська,Державне управління й оборона; обов'язкове соціальне страхування,Жінки,483
Волинська,Охорона здоров'я та надання соціальної допомоги,Чоловіки,605
Волинська,"Мистецтво, спорт, розваги та відпочинок",Жінки,95
Волинська,"Професійна, наукова та технічна діяльність",Чоловіки,212
Волинська,"Професійна, наукова та технічна діяльність",Жінки,144
Волинська,Переробна промисловість,Жінки,201
Дніпропетровська,"Водопостачання; каналізація, поводження з відходами",Жінки,78
Дніпропетровська,"Сільське господарство, лісове господарство та рибне господарство",Чоловіки,3016
Дніпропетровська,Переробна промисловість,Чоловіки,2917
Дніпропетровська,"Постачання електроенергії, газу, пари та кондиційованого повітря",Чоловіки,217
Дніпропетровська,Добувна промисловість і розроблення кар'єрів,Чоловіки,86
Дніпропетровська,Будівництво,Чоловіки,1781
Дніпропетровська,"Водопостачання; каналізація, поводження з відходами",Чоловіки,229
Дніпропетровська,Добувна промисловість і розроблення кар'єрів,Жінки,19
Дніпропетровська,Переробна промисловість,Жінки,991
Дніпропетровська,"Сільське господарство, лісове господарство та рибне господарство",Жінки,960
Дніпропетровська,"Постачання електроенергії, газу, пари та кондиційованого повітря",Жінки,88
Дніпропетровська,Будівництво,Жінки,552
Дніпропетровська,Операції з нерухомим майном,Жінки,1508
Дніпропетровська,"Мистецтво, спорт, розваги та відпочинок",Жінки,404
Дніпропетровська,Надання інших видів послуг,Жінки,3397
Дніпропетровська,Інформація та телекомунікації,Жінки,295
Дніпропетровська,Оптова та роздрібна торгівля; ремонт автотранспортних засобів і мотоциклів,Жінки,2623
Дніпропетровська,Охорона здоров'я та надання соціальної допомоги,Жінки,1152
Дніпропетровська,Операції з нерухомим майном,Чоловіки,1662
Дніпропетровська,Діяльність у сфері адміністративного та допоміжного обслуговування,Чоловіки,4018
Дніпропетровська,Державне управління й оборона; обов'язкове соціальне страхування,Чоловіки,657
Дніпропетровська,"Професійна, наукова та технічна діяльність",Чоловіки,1099
Дніпропетровська,Фінансова та страхова діяльність,Чоловіки,129
Дніпропетровська,Інформація та телекомунікації,Чоловіки,591
Дніпропетровська,Тимчасове розміщування й організація харчування,Чоловіки,215
Дніпропетровська,Діяльність домашніх господарств,Чоловіки,1
Дніпропетровська,Надання інших видів послуг,Чоловіки,6591
Дніпропетровська,Тимчасове розміщування й організація харчування,Жінки,228
Дніпропетровська,"Мистецтво, спорт, розваги та відпочинок",Чоловіки,215
Дніпропетровська,Охорона здоров'я та надання соціальної допомоги,Чоловіки,1508
Дніпропетровська,"Транспорт, складське господарство, поштова та кур'єрська діяльність",Чоловіки,952
Дніпропетровська,Оптова та роздрібна торгівля; ремонт автотранспортних засобів і мотоциклів,Чоловіки,5803
Дніпропетровська,Освіта,Чоловіки,392
Дніпропетровська,Державне управління й оборона; обов'язкове соціальне страхування,Жінки,875
Дніпропетровська,Діяльність у сфері адміністративного та допоміжного обслуговування,Жінки,3954
Дніпропетровська,"Транспорт, складське господарство, поштова та кур'єрська діяльність",Жінки,463
Дніпропетровська,"Професійна, наукова та технічна діяльність",Жінки,821
Дніпропетровська,Освіта,Жінки,1958
Дніпропетровська,Фінансова та страхова діяльність,Жінки,102
Донецька,Будівництво,Чоловіки,178
Донецька,Оптова та роздрібна торгівля; ремонт автотранспортних засобів і мотоциклів,Чоловіки,463
Донецька,"Водопостачання; каналізація, поводження з відходами",Чоловіки,37
Донецька,"Транспорт, складське господарство, поштова та кур'єрська діяльність",Чоловіки,113
Донецька,"Постачання електроенергії, газу, пари та кондиційованого повітря",Чоловіки,21
Донецька,Тимчасове розміщування й організація харчування,Жінки,18
Донецька,Діяльність у сфері адміністративного та допоміжного обслуговування,Чоловіки,2461
Донецька,"Професійна, наукова та технічна діяльність",Чоловіки,144
Донецька,Державне управління й оборона; обов'язкове соціальне страхування,Чоловіки,783
Донецька,Операції з нерухомим майном,Чоловіки,370
Донецька,Фінансова та страхова діяльність,Чоловіки,8
Донецька,Освіта,Чоловіки,403
Донецька,Охорона здоров'я та надання соціальної допомоги,Чоловіки,704
Донецька,Інформація та телекомунікації,Чоловіки,66
Донецька,Тимчасове розміщування й організація харчування,Чоловіки,12
Донецька,Переробна промисловість,Чоловіки,224
Донецька,Добувна промисловість і розроблення кар'єрів,Чоловіки,45
Донецька,"Сільське господарство, лісове господарство та рибне господарство",Чоловіки,386
Донецька,Переробна промисловість,Жінки,62
Донецька,Інформація та телекомунікації,Жінки,27
Донецька,Освіта,Жінки,2174
Донецька,Діяльність домашніх господарств,Чоловіки,1
Донецька,"Мистецтво, спорт, розваги та відпочинок",Чоловіки,162
Донецька,"Постачання електроенергії, газу, пари та кондиційованого повітря",Жінки,5
Донецька,Державне управління й оборона; обов'язкове соціальне страхування,Жінки,1234
Донецька,Охорона здоров'я та надання соціальної допомоги,Жінки,638
Донецька,"Водопостачання; каналізація, поводження з відходами",Жінки,16
Донецька,Діяльність у сфері адміністративного та допоміжного обслуговування,Жінки,3692
Донецька,Оптова та роздрібна торгівля; ремонт автотранспортних засобів і мотоциклів,Жінки,206
Донецька,Надання інших видів послуг,Чоловіки,5526
Донецька,Надання інших видів послуг,Жінки,3000
Донецька,Операції з нерухомим майном,Жінки,349
Донецька,Добувна промисловість і розроблення кар'єрів,Жінки,4
Донецька,Будівництво,Жінки,37
Донецька,Діяльність домашніх господарств,Жінки,1
Донецька,"Транспорт, складське господарство, поштова та кур'єрська діяльність",Жінки,40
Донецька,Фінансова та страхова діяльність,Жінки,8
Донецька,"Сільське господарство, лісове господарство та рибне господарство",Жінки,111
Донецька,"Професійна, наукова та технічна діяльність",Жінки,140
Донецька,"Мистецтво, спорт, розваги та відпочинок",Жінки,323
Житомирська,Діяльність у сфері адміністративного та допоміжного обслуговування,Жінки,703
Житомирська,Добувна промисловість і розроблення кар'єрів,Жінки,26
Житомирська,"Транспорт, складське господарство, поштова та кур'єрська діяльність",Жінки,79
Житомирська,"Професійна, наукова та технічна діяльність",Жінки,116
Житомирська,Тимчасове розміщування й організація харчування,Жінки,51
Житомирська,Надання інших видів послуг,Жінки,1439
Житомирська,Переробна промисловість,Жінки,297
Житомирська,Діяльність у сфері адміністративного та допоміжного обслуговування,Чоловіки,742
Житомирська,"Мистецтво, спорт, розваги та відпочинок",Чоловіки,104
Житомирська,Охорона здоров'я та надання соціальної допомоги,Чоловіки,526
Житомирська,"Професійна, наукова та технічна діяльність",Чоловіки,214
Житомирська,"Постачання електроенергії, газу, пари та кондиційованого повітря",Жінки,21
Житомирська,"Мистецтво, спорт, розваги та відпочинок",Жінки,333
Житомирська,Добувна промисловість і розроблення кар'єрів,Чоловіки,166
Житомирська,Будівництво,Чоловіки,395
Житомирська,"Сільське господарство, лісове господарство та рибне господарство",Жінки,260
Житомирська,Освіта,Жінки,1222
Житомирська,Інформація та телекомунікації,Чоловіки,144
Житомирська,Будівництво,Жінки,75
Житомирська,Охорона здоров'я та надання соціальної допомоги,Жінки,404
Житомирська,Фінансова та страхова діяльність,Жінки,2
Житомирська,"Водопостачання; каналізація, поводження з відходами",Жінки,36
Житомирська,Переробна промисловість,Чоловіки,930
Житомирська,"Сільське господарство, лісове господарство та рибне господарство",Чоловіки,1104
Житомирська,"Водопостачання; каналізація, поводження з відходами",Чоловіки,80
Житомирська,Тимчасове розміщування й організація харчування,Чоловіки,44
Житомирська,Фінансова та страхова діяльність,Чоловіки,14
Житомирська,Оптова та роздрібна торгівля; ремонт автотранспортних засобів і мотоциклів,Чоловіки,1023
Житомирська,Державне управління й оборона; обов'язкове соціальне страхування,Чоловіки,474
Житомирська,Освіта,Чоловіки,307
Житомирська,Надання інших видів послуг,Чоловіки,3509
Житомирська,Операції з нерухомим майном,Жінки,251
Житомирська,Інформація та телекомунікації,Жінки,63
Житомирська,Державне управління й оборона; обов'язкове соціальне страхування,Жінки,1013
Житомирська,Оптова та роздрібна торгівля; ремонт автотранспортних засобів і мотоциклів,Жінки,454
Житомирська,"Постачання електроенергії, газу, пари та кондиційованого повітря",Чоловіки,86
Житомирська,"Транспорт, складське господарство, поштова та кур'єрська діяльність",Чоловіки,242
Житомирська,Операції з нерухомим майном,Чоловіки,381
Закарпатська,"Постачання електроенергії, газу, пари та кондиційованого повітря",Жінки,34
Закарпатська,"Постачання електроенергії, газу, пари та кондиційованого повітря",Чоловіки,95
Закарпатська,Добувна промисловість і розроблення кар'єрів,Чоловіки,52
Закарпатська,Будівництво,Чоловіки,506
Закарпатська,"Транспорт, складське господарство, поштова та кур'єрська діяльність",Чоловіки,418
Закарпатська,"Водопостачання; каналізація, поводження з відходами",Жінки,16
Закарпатська,"Водопостачання; каналізація, поводження з відходами",Чоловіки,58
Закарпатська,"Сільське господарство, лісове господарство та рибне господарство",Чоловіки,512
Закарпатська,"Транспорт, складське господарство, поштова та кур'єрська діяльність",Жінки,124
Закарпатська,Переробна промисловість,Жінки,212
Закарпатська,"Сільське господарство, лісове господарство та рибне господарство",Жінки,175
Закарпатська,Оптова та роздрібна торгівля; ремонт автотранспортних засобів і мотоциклів,Жінки,408
Закарпатська,Будівництво,Жінки,110
Закарпатська,Добувна промисловість і розроблення кар'єрів,Жінки,5
Закарпатська,Переробна промисловість,Чоловіки,631
Закарпатська,Оптова та роздрібна торгівля; ремонт автотранспортних засобів і мотоциклів,Чоловіки,940
Закарпатська,Діяльність домашніх господарств,Чоловіки,1
Закарпатська,Надання інших видів послуг,Чоловіки,4197
Закарпатська,"Мистецтво, спорт, розваги та відпочинок",Чоловіки,97
Закарпатська,Охорона здоров'я та надання соціальної допомоги,Чоловіки,896
Закарпатська,Освіта,Чоловіки,253
Закарпатська,Державне управління й оборона; обов'язкове соціальне страхування,Чоловіки,504
Закарпатська,Інформація та телекомунікації,Жінки,61
Закарпатська,Державне управління й оборона; обов'язкове соціальне страхування,Жінки,652
Закарпатська,Операції з нерухомим майном,Чоловіки,454
Закарпатська,Інформація та телекомунікації,Чоловіки,164
Закарпатська,Освіта,Жінки,1121
Закарпатська,Діяльність у сфері адміністративного та допоміжного обслуговування,Чоловіки,776
Закарпатська,Фінансова та страхова діяльність,Жінки,11
Закарпатська,"Мистецтво, спорт, розваги та відпочинок",Жінки,203
Закарпатська,"Професійна, наукова та технічна діяльність",Чоловіки,214
Закарпатська,Тимчасове розміщування й організація харчування,Чоловіки,113
Закарпатська,"Професійна, наукова та технічна діяльність",Жінки,124
Закарпатська,Операції з нерухомим майном,Жінки,292
Закарпатська,Охорона здоров'я та надання соціальної допомоги,Жінки,529
Закарпатська,Діяльність у сфері адміністративного та допоміжного обслуговування,Жінки,611
Закарпатська,Тимчасове розміщування й організація харчування,Жінки,94
Закарпатська,Фінансова та страхова діяльність,Чоловіки,15
Закарпатська,Надання інших видів послуг,Жінки,1260
Запорізька,Переробна промисловість,Жінки,246
Запорізька,Тимчасове розміщування й організація харчування,Жінки,91
Запорізька,Добувна промисловість і розроблення кар'єрів,Жінки,3
Запорізька,Охорона здоров'я та надання соціальної допомоги,Жінки,630
Запорізька,Надання інших видів послуг,Чоловіки,3675
Запорізька,"Мистецтво, спорт, розваги та відпочинок",Чоловіки,85
Запорізька,Державне управління й оборона; обов'язкове соціальне страхування,Чоловіки,601
Запорізька,Діяльність у сфері адміністративного та допоміжного обслуговування,Чоловіки,2395
Запорізька,"Водопостачання; каналізація, поводження з відходами",Жінки,16
Запорізька,"Транспорт, складське господарство, поштова та кур'єрська діяльність",Жінки,104
Запорізька,Фінансова та страхова діяльність,Чоловіки,40
Запорізька,Інформація та телекомунікації,Чоловіки,211
Запорізька,Оптова та роздрібна торгівля; ремонт автотранспортних засобів і мотоциклів,Чоловіки,1789
Запорізька,Будівництво,Чоловіки,558
Запорізька,Добувна промисловість і розроблення кар'єрів,Чоловіки,17
Запорізька,Державне управління й оборона; обов'язкове соціальне страхування,Жінки,735
Запорізька,Інформація та телекомунікації,Жінки,111
Запорізька,Операції з нерухомим майном,Жінки,433
Запорізька,Будівництво,Жінки,125
Запорізька,"Сільське господарство, лісове господарство та рибне господарство",Жінки,134
Запорізька,Оптова та роздрібна торгівля; ремонт автотранспортних засобів і мотоциклів,Жінки,754
Запорізька,"Професійна, наукова та технічна діяльність",Жінки,280
Запорізька,"Сільське господарство, лісове господарство та рибне господарство",Чоловіки,596
Запорізька,"Водопостачання; каналізація, поводження з відходами",Чоловіки,81
Запорізька,Переробна промисловість,Чоловіки,963
Запорізька,Надання інших видів послуг,Жінки,1752
Запорізька,"Мистецтво, спорт, розваги та відпочинок",Жінки,138
Запорізька,Охорона здоров'я та надання соціальної допомоги,Чоловіки,835
Запорізька,Освіта,Чоловіки,316
Запорізька,Фінансова та страхова діяльність,Жінки,33
Запорізька,Тимчасове розміщування й організація харчування,Чоловіки,105
Запорізька,Операції з нерухомим майном,Чоловіки,747
Запорізька,"Транспорт, складське господарство, поштова та кур'єрська діяльність",Чоловіки,315
Запорізька,"Професійна, наукова та технічна діяльність",Чоловіки,346
Запорізька,Діяльність у сфері адміністративного та допоміжного обслуговування,Жінки,1896
Запорізька,"Постачання електроенергії, газу, пари та кондиційованого повітря",Чоловіки,83
Запорізька,Освіта,Жінки,996
Запорізька,"Постачання електроенергії, газу, пари та кондиційованого повітря",Жінки,14
Івано-Франківська,Переробна промисловість,Жінки,249
Івано-Франківська,Добувна промисловість і розроблення кар'єрів,Жінки,4
Івано-Франківська,Освіта,Жінки,870
Івано-Франківська,Надання інших видів послуг,Жінки,2227
Івано-Франківська,Надання інших видів послуг,Чоловіки,4468
Івано-Франківська,Діяльність у сфері адміністративного та допоміжного обслуговування,Жінки,698
Івано-Франківська,Державне управління й оборона; обов'язкове соціальне страхування,Чоловіки,432
Івано-Франківська,Фінансова та страхова діяльність,Чоловіки,38
Івано-Франківська,Тимчасове розміщування й організація харчування,Жінки,116
Івано-Франківська,Переробна промисловість,Чоловіки,887
Івано-Франківська,"Постачання електроенергії, газу, пари та кондиційованого повітря",Жінки,38
Івано-Франківська,Оптова та роздрібна торгівля; ремонт автотранспортних засобів і мотоциклів,Чоловіки,1193
Івано-Франківська,"Транспорт, складське господарство, поштова та кур'єрська діяльність",Чоловіки,384
Івано-Франківська,Будівництво,Чоловіки,896
Івано-Франківська,Тимчасове розміщування й організація харчування,Чоловіки,131
Івано-Франківська,Будівництво,Жінки,170
Івано-Франківська,"Мистецтво, спорт, розваги та відпочинок",Жінки,82
Івано-Франківська,Охорона здоров'я та надання соціальної допомоги,Жінки,473
Івано-Франківська,Фінансова та страхова діяльність,Жінки,25
Івано-Франківська,Діяльність у сфері адміністративного та допоміжного обслуговування,Чоловіки,1114
Івано-Франківська,Освіта,Чоловіки,395
Івано-Франківська,Операції з нерухомим майном,Чоловіки,555
Івано-Франківська,Оптова та роздрібна торгівля; ремонт автотранспортних засобів і мотоциклів,Жінки,467
Івано-Франківська,"Мистецтво, спорт, розваги та відпочинок",Чоловіки,125
Івано-Франківська,Операції з нерухомим майном,Жінки,390
Івано-Франківська,Інформація та телекомунікації,Чоловіки,206
Івано-Франківська,"Постачання електроенергії, газу, пари та кондиційованого повітря",Чоловіки,160
Івано-Франківська,Добувна промисловість і розроблення кар'єрів,Чоловіки,56
Івано-Франківська,"Сільське господарство, лісове господарство та рибне господарство",Жінки,158
Івано-Франківська,Інформація та телекомунікації,Жінки,97
Івано-Франківська,"Професійна, наукова та технічна діяльність",Жінки,163
Івано-Франківська,"Транспорт, складське господарство, поштова та кур'єрська діяльність",Жінки,88
Івано-Франківська,"Водопостачання; каналізація, поводження з відходами",Жінки,14
Івано-Франківська,"Сільське господарство, лісове господарство та рибне господарство",Чоловіки,680
Івано-Франківська,Охорона здоров'я та надання соціальної допомоги,Чоловіки,794
Івано-Франківська,"Професійна, наукова та технічна діяльність",Чоловіки,283
Івано-Франківська,Державне управління й оборона; обов'язкове соціальне страхування,Жінки,677
Івано-Франківська,Діяльність домашніх господарств,Жінки,2
Івано-Франківська,"Водопостачання; каналізація, поводження з відходами",Чоловіки,80
Київська,Будівництво,Жінки,458
Київська,"Водопостачання; каналізація, поводження з відходами",Жінки,49
Київська,Оптова та роздрібна торгівля; ремонт автотранспортних засобів і мотоциклів,Чоловіки,3665
Київська,"Постачання електроенергії, газу, пари та кондиційованого повітря",Жінки,51
Київська,Переробна промисловість,Чоловіки,2145
Київська,"Транспорт, складське господарство, поштова та кур'єрська діяльність",Чоловіки,850
Київська,"Постачання електроенергії, газу, пари та кондиційованого повітря",Чоловіки,232
Київська,Оптова та роздрібна торгівля; ремонт автотранспортних засобів і мотоциклів,Жінки,1572
Київська,Добувна промисловість і розроблення кар'єрів,Жінки,8
Київська,Тимчасове розміщування й організація харчування,Жінки,194
Київська,Інформація та телекомунікації,Жінки,175
Київська,Будівництво,Чоловіки,1823
Київська,"Сільське господарство, лісове господарство та рибне господарство",Чоловіки,1905
Київська,Тимчасове розміщування й організація харчування,Чоловіки,226
Київська,"Водопостачання; каналізація, поводження з відходами",Чоловіки,207
Київська,Добувна промисловість і розроблення кар'єрів,Чоловіки,57
Київська,"Сільське господарство, лісове господарство та рибне господарство",Жінки,499
Київська,Переробна промисловість,Жінки,615
Київська,"Транспорт, складське господарство, поштова та кур'єрська діяльність",Жінки,308
Київська,Охорона здоров'я та надання соціальної допомоги,Жінки,1044
Київська,Операції з нерухомим майном,Жінки,756
Київська,Фінансова та страхова діяльність,Жінки,24
Київська,Надання інших видів послуг,Жінки,2665
Київська,Фінансова та страхова діяльність,Чоловіки,46
Київська,Операції з нерухомим майном,Чоловіки,1477
Київська,Державне управління й оборона; обов'язкове соціальне страхування,Чоловіки,566
Київська,Діяльність у сфері адміністративного та допоміжного обслуговування,Жінки,1587
Київська,Надання інших видів послуг,Чоловіки,6813
Київська,Діяльність домашніх господарств,Жінки,2
Київська,Діяльність домашніх господарств,Чоловіки,3
Київська,"Мистецтво, спорт, розваги та відпочинок",Чоловіки,189
Київська,Освіта,Чоловіки,349
Київська,Державне управління й оборона; обов'язкове соціальне страхування,Жінки,916
Київська,"Професійна, наукова та технічна діяльність",Жінки,528
Київська,Освіта,Жінки,1357
Київська,Інформація та телекомунікації,Чоловіки,381
Київська,Діяльність у сфері адміністративного та допоміжного обслуговування,Чоловіки,3015
Київська,"Професійна, наукова та технічна діяльність",Чоловіки,780
Київська,Охорона здоров'я та надання соціальної допомоги,Чоловіки,1321
Київська,"Мистецтво, спорт, розваги та відпочинок",Жінки,153
Кіровоградська,Освіта,Жінки,748
Кіровоградська,"Постачання електроенергії, газу, пари та кондиційованого повітря",Жінки,13
Кіровоградська,Інформація та телекомунікації,Жінки,58
Кіровоградська,Переробна промисловість,Жінки,186
Кіровоградська,Державне управління й оборона; обов'язкове соціальне страхування,Жінки,727
Кіровоградська,Операції з нерухомим майном,Жінки,234
Кіровоградська,Охорона здоров'я та надання соціальної допомоги,Чоловіки,365
Кіровоградська,"Мистецтво, спорт, розваги та відпочинок",Чоловіки,80
Кіровоградська,Тимчасове розміщування й організація харчування,Чоловіки,41
Кіровоградська,"Водопостачання; каналізація, поводження з відходами",Жінки,22
Кіровоградська,"Професійна, наукова та технічна діяльність",Чоловіки,172
Кіровоградська,"Водопостачання; каналізація, поводження з відходами",Чоловіки,104
Кіровоградська,Охорона здоров'я та надання соціальної допомоги,Жінки,289
Кіровоградська,"Сільське господарство, лісове господарство та рибне господарство",Чоловіки,2830
Кіровоградська,"Професійна, наукова та технічна діяльність",Жінки,132
Кіровоградська,Добувна промисловість і розроблення кар'єрів,Чоловіки,29
Кіровоградська,Оптова та роздрібна торгівля; ремонт автотранспортних засобів і мотоциклів,Жінки,402
Кіровоградська,Інформація та телекомунікації,Чоловіки,94
Кіровоградська,Добувна промисловість і розроблення кар'єрів,Жінки,8
Кіровоградська,Будівництво,Чоловіки,314
Кіровоградська,Діяльність у сфері адміністративного та допоміжного обслуговування,Чоловіки,578
Кіровоградська,Діяльність домашніх господарств,Жінки,1
Кіровоградська,"Транспорт, складське господарство, поштова та кур'єрська діяльність",Жінки,109
Кіровоградська,"Постачання електроенергії, газу, пари та кондиційованого повітря",Чоловіки,79
Кіровоградська,Операції з нерухомим майном,Чоловіки,322
Кіровоградська,"Транспорт, складське господарство, поштова та кур'єрська діяльність",Чоловіки,246
Кіровоградська,Надання інших видів послуг,Жінки,1287
Кіровоградська,Діяльність у сфері адміністративного та допоміжного обслуговування,Жінки,418
Кіровоградська,Тимчасове розміщування й організація харчування,Жінки,45
Кіровоградська,Надання інших видів послуг,Чоловіки,2217
Кіровоградська,Освіта,Чоловіки,214
Кіровоградська,"Мистецтво, спорт, розваги та відпочинок",Жінки,257
Кіровоградська,Фінансова та страхова діяльність,Жінки,7
Кіровоградська,Державне управління й оборона; обов'язкове соціальне страхування,Чоловіки,449
Кіровоградська,Фінансова та страхова діяльність,Чоловіки,9
Кіровоградська,Оптова та роздрібна торгівля; ремонт автотранспортних засобів і мотоциклів,Чоловіки,893
Кіровоградська,Переробна промисловість,Чоловіки,512
Кіровоградська,"Сільське господарство, лісове господарство та рибне господарство",Жінки,692
Кіровоградська,Будівництво,Жінки,75
Луганська,Інформація та телекомунікації,Жінки,6
Луганська,"Постачання електроенергії, газу, пари та кондиційованого повітря",Жінки,2
Луганська,Державне управління й оборона; обов'язкове соціальне страхування,Жінки,719
Луганська,Освіта,Жінки,1265
Луганська,Діяльність у сфері адміністративного та допоміжного обслуговування,Жінки,631
Луганська,Охорона здоров'я та надання соціальної допомоги,Жінки,361
Луганська,Будівництво,Чоловіки,16
Луганська,Добувна промисловість і розроблення кар'єрів,Чоловіки,2
Луганська,Оптова та роздрібна торгівля; ремонт автотранспортних засобів і мотоциклів,Чоловіки,37
Луганська,Переробна промисловість,Чоловіки,28
Луганська,Фінансова та страхова діяльність,Чоловіки,2
Луганська,Інформація та телекомунікації,Чоловіки,14
Луганська,Тимчасове розміщування й організація харчування,Жінки,6
Луганська,Надання інших видів послуг,Жінки,1903
Луганська,Операції з нерухомим майном,Жінки,41
Луганська,Освіта,Чоловіки,290
Луганська,"Мистецтво, спорт, розваги та відпочинок",Чоловіки,80
Луганська,"Мистецтво, спорт, розваги та відпочинок",Жінки,155
Луганська,Діяльність у сфері адміністративного та допоміжного обслуговування,Чоловіки,612
Луганська,Надання інших видів послуг,Чоловіки,3080
Луганська,Охорона здоров'я та надання соціальної допомоги,Чоловіки,350
Луганська,Державне управління й оборона; обов'язкове соціальне страхування,Чоловіки,631
Луганська,Оптова та роздрібна торгівля; ремонт автотранспортних засобів і мотоциклів,Жінки,10
Луганська,"Професійна, наукова та технічна діяльність",Чоловіки,40
Луганська,"Сільське господарство, лісове господарство та рибне господарство",Жінки,24
Луганська,Діяльність домашніх господарств,Жінки,1
Луганська,"Транспорт, складське господарство, поштова та кур'єрська діяльність",Жінки,3
Луганська,"Водопостачання; каналізація, поводження з відходами",Жінки,2
Луганська,"Водопостачання; каналізація, поводження з відходами",Чоловіки,6
Луганська,"Постачання електроенергії, газу, пари та кондиційованого повітря",Чоловіки,4
Луганська,Тимчасове розміщування й організація харчування,Чоловіки,8
Луганська,"Транспорт, складське господарство, поштова та кур'єрська діяльність",Чоловіки,10
Луганська,"Сільське господарство, лісове господарство та рибне господарство",Чоловіки,57
Луганська,Операції з нерухомим майном,Чоловіки,52
Луганська,"Професійна, наукова та технічна діяльність",Жінки,43
Луганська,Переробна промисловість,Жінки,6
Львівська,"Транспорт, складське господарство, поштова та кур'єрська діяльність",Жінки,304
Львівська,Добувна промисловість і розроблення кар'єрів,Жінки,22
Львівська,Оптова та роздрібна торгівля; ремонт автотранспортних засобів і мотоциклів,Жінки,1684
Львівська,"Сільське господарство, лісове господарство та рибне господарство",Жінки,335
Львівська,Інформація та телекомунікації,Чоловіки,862
Львівська,Переробна промисловість,Чоловіки,2185
Львівська,"Постачання електроенергії, газу, пари та кондиційованого повітря",Чоловіки,204
Львівська,Будівництво,Жінки,438
Львівська,Оптова та роздрібна торгівля; ремонт автотранспортних засобів і мотоциклів,Чоловіки,3835
Львівська,"Транспорт, складське господарство, поштова та кур'єрська діяльність",Чоловіки,851
Львівська,Фінансова та страхова діяльність,Чоловіки,107
Львівська,"Постачання електроенергії, газу, пари та кондиційованого повітря",Жінки,48
Львівська,Тимчасове розміщування й організація харчування,Жінки,366
Львівська,Інформація та телекомунікації,Жінки,419
Львівська,"Водопостачання; каналізація, поводження з відходами",Жінки,24
Львівська,Фінансова та страхова діяльність,Жінки,48
Львівська,Добувна промисловість і розроблення кар'єрів,Чоловіки,100
Львівська,Будівництво,Чоловіки,1902
Львівська,"Сільське господарство, лісове господарство та рибне господарство",Чоловіки,1395
Львівська,"Водопостачання; каналізація, поводження з відходами",Чоловіки,148
Львівська,Переробна промисловість,Жінки,684
Львівська,Тимчасове розміщування й організація харчування,Чоловіки,434
Львівська,"Професійна, наукова та технічна діяльність",Жінки,584
Львівська,Надання інших видів послуг,Жінки,3259
Львівська,"Мистецтво, спорт, розваги та відпочинок",Чоловіки,370
Львівська,Діяльність у сфері адміністративного та допоміжного обслуговування,Чоловіки,4095
Львівська,Діяльність домашніх господарств,Чоловіки,6
Львівська,Освіта,Чоловіки,656
Львівська,Операції з нерухомим майном,Чоловіки,1671
Львівська,Операції з нерухомим майном,Жінки,1005
Львівська,Діяльність у сфері адміністративного та допоміжного обслуговування,Жінки,2580
Львівська,Надання інших видів послуг,Чоловіки,9242
Львівська,Державне управління й оборона; обов'язкове соціальне страхування,Чоловіки,784
Львівська,Освіта,Жінки,1716
Львівська,Охорона здоров'я та надання соціальної допомоги,Жінки,1249
Львівська,"Мистецтво, спорт, розваги та відпочинок",Жінки,612
Львівська,Державне управління й оборона; обов'язкове соціальне страхування,Жінки,721
Львівська,"Професійна, наукова та технічна діяльність",Чоловіки,1063
Львівська,Охорона здоров'я та надання соціальної допомоги,Чоловіки,1753
Львівська,Діяльність екстериторіальних організацій і органів,Чоловіки,1
Львівська,Діяльність домашніх господарств,Жінки,7
Миколаївська,Операції з нерухомим майном,Жінки,308
Миколаївська,Будівництво,Жінки,131
Миколаївська,"Мистецтво, спорт, розваги та відпочинок",Жінки,117
Миколаївська,"Сільське господарство, лісове господарство та рибне господарство",Чоловіки,2404
Миколаївська,Будівництво,Чоловіки,488
Миколаївська,"Постачання електроенергії, газу, пари та кондиційованого повітря",Чоловіки,97
Миколаївська,Добувна промисловість і розроблення кар'єрів,Чоловіки,48
Миколаївська,"Транспорт, складське господарство, поштова та кур'єрська діяльність",Чоловіки,453
Миколаївська,Надання інших видів послуг,Жінки,1617
Миколаївська,Освіта,Чоловіки,189
Миколаївська,Охорона здоров'я та надання соціальної допомоги,Чоловіки,514
Миколаївська,"Професійна, наукова та технічна діяльність",Чоловіки,243
Миколаївська,Операції з нерухомим майном,Чоловіки,440
Миколаївська,"Транспорт, складське господарство, поштова та кур'єрська діяльність",Жінки,132
Миколаївська,Освіта,Жінки,1021
Миколаївська,"Професійна, наукова та технічна діяльність",Жінки,185
Миколаївська,"Водопостачання; каналізація, поводження з відходами",Чоловіки,107
Миколаївська,Тимчасове розміщування й організація харчування,Чоловіки,94
Миколаївська,Фінансова та страхова діяльність,Жінки,5
Миколаївська,"Сільське господарство, лісове господарство та рибне господарство",Жінки,757
Миколаївська,Тимчасове розміщування й організація харчування,Жінки,80
Миколаївська,Державне управління й оборона; обов'язкове соціальне страхування,Жінки,586
Миколаївська,Переробна промисловість,Жінки,178
Миколаївська,Діяльність у сфері адміністративного та допоміжного обслуговування,Жінки,1157
Миколаївська,"Постачання електроенергії, газу, пари та кондиційованого повітря",Жінки,14
Миколаївська,Надання інших видів послуг,Чоловіки,2686
Миколаївська,"Мистецтво, спорт, розваги та відпочинок",Чоловіки,83
Миколаївська,Державне управління й оборона; обов'язкове соціальне страхування,Чоловіки,337
Миколаївська,Діяльність у сфері адміністративного та допоміжного обслуговування,Чоловіки,1289
Миколаївська,Фінансова та страхова діяльність,Чоловіки,12
Миколаївська,Інформація та телекомунікації,Чоловіки,109
Миколаївська,Інформація та телекомунікації,Жінки,72
Миколаївська,"Водопостачання; каналізація, поводження з відходами",Жінки,36
Миколаївська,Добувна промисловість і розроблення кар'єрів,Жінки,4
Миколаївська,Оптова та роздрібна торгівля; ремонт автотранспортних засобів і мотоциклів,Чоловіки,1168
Миколаївська,Переробна промисловість,Чоловіки,576
Миколаївська,Оптова та роздрібна торгівля; ремонт автотранспортних засобів і мотоциклів,Жінки,599
Миколаївська,Охорона здоров'я та надання соціальної допомоги,Жінки,464
Одеська,"Водопостачання; каналізація, поводження з відходами",Жінки,51
Одеська,Фінансова та страхова діяльність,Жінки,42
Одеська,Охорона здоров'я та надання соціальної допомоги,Жінки,1098
Одеська,"Мистецтво, спорт, розваги та відпочинок",Жінки,187
Одеська,"Транспорт, складське господарство, поштова та кур'єрська діяльність",Чоловіки,1632
Одеська,Операції з нерухомим майном,Жінки,1125
Одеська,Освіта,Чоловіки,387
Одеська,Переробна промисловість,Чоловіки,1297
Одеська,Діяльність домашніх господарств,Чоловіки,1
Одеська,Операції з нерухомим майном,Чоловіки,1453
Одеська,Оптова та роздрібна торгівля; ремонт автотранспортних засобів і мотоциклів,Чоловіки,3112
Одеська,"Постачання електроенергії, газу, пари та кондиційованого повітря",Чоловіки,130
Одеська,Фінансова та страхова діяльність,Чоловіки,63
Одеська,Надання інших видів послуг,Чоловіки,6354
Одеська,Державне управління й оборона; обов'язкове соціальне страхування,Чоловіки,655
Одеська,Переробна промисловість,Жінки,428
Одеська,Інформація та телекомунікації,Жінки,269
Одеська,Державне управління й оборона; обов'язкове соціальне страхування,Жінки,1071
Одеська,Діяльність домашніх господарств,Жінки,2
Одеська,"Транспорт, складське господарство, поштова та кур'єрська діяльність",Жінки,602
Одеська,Діяльність у сфері адміністративного та допоміжного обслуговування,Жінки,2172
Одеська,Надання інших видів послуг,Жінки,3235
Одеська,"Професійна, наукова та технічна діяльність",Жінки,633
Одеська,"Сільське господарство, лісове господарство та рибне господарство",Жінки,621
Одеська,Добувна промисловість і розроблення кар'єрів,Жінки,6
Одеська,Оптова та роздрібна торгівля; ремонт автотранспортних засобів і мотоциклів,Жінки,1577
Одеська,Тимчасове розміщування й організація харчування,Чоловіки,291
Одеська,Інформація та телекомунікації,Чоловіки,432
Одеська,Тимчасове розміщування й організація харчування,Жінки,275
Одеська,Добувна промисловість і розроблення кар'єрів,Чоловіки,24
Одеська,Охорона здоров'я та надання соціальної допомоги,Чоловіки,1376
Одеська,"Сільське господарство, лісове господарство та рибне господарство",Чоловіки,2390
Одеська,"Професійна, наукова та технічна діяльність",Чоловіки,870
Одеська,Будівництво,Жінки,380
Одеська,Будівництво,Чоловіки,1463
Одеська,"Водопостачання; каналізація, поводження з відходами",Чоловіки,213
Одеська,"Мистецтво, спорт, розваги та відпочинок",Чоловіки,260
Одеська,Діяльність у сфері адміністративного та допоміжного обслуговування,Чоловіки,2588
Одеська,Діяльність екстериторіальних організацій і органів,Чоловіки,1
Одеська,Освіта,Жінки,1480
Одеська,"Постачання електроенергії, газу, пари та кондиційованого повітря",Жінки,31
Полтавська,Переробна промисловість,Жінки,276
Полтавська,Тимчасове розміщування й організація харчування,Жінки,85
Полтавська,Операції з нерухомим майном,Чоловіки,539
Полтавська,Інформація та телекомунікації,Чоловіки,192
Полтавська,"Постачання електроенергії, газу, пари та кондиційованого повітря",Жінки,12
Полтавська,"Транспорт, складське господарство, поштова та кур'єрська діяльність",Чоловіки,410
Полтавська,"Транспорт, складське господарство, поштова та кур'єрська діяльність",Жінки,146
Полтавська,"Сільське господарство, лісове господарство та рибне господарство",Чоловіки,2346
Полтавська,Добувна промисловість і розроблення кар'єрів,Чоловіки,63
Полтавська,"Водопостачання; каналізація, поводження з відходами",Чоловіки,124
Полтавська,Будівництво,Чоловіки,686
Полтавська,"Професійна, наукова та технічна діяльність",Чоловіки,344
Полтавська,"Сільське господарство, лісове господарство та рибне господарство",Жінки,523
Полтавська,Тимчасове розміщування й організація харчування,Чоловіки,81
Полтавська,Фінансова та страхова діяльність,Жінки,17
Полтавська,Будівництво,Жінки,170
Полтавська,Операції з нерухомим майном,Жінки,365
Полтавська,"Професійна, наукова та технічна діяльність",Жінки,226
Полтавська,"Водопостачання; каналізація, поводження з відходами",Жінки,24
Полтавська,"Постачання електроенергії, газу, пари та кондиційованого повітря",Чоловіки,69
Полтавська,Добувна промисловість і розроблення кар'єрів,Жінки,14
Полтавська,Переробна промисловість,Чоловіки,939
Полтавська,Оптова та роздрібна торгівля; ремонт автотранспортних засобів і мотоциклів,Чоловіки,1652
Полтавська,Оптова та роздрібна торгівля; ремонт автотранспортних засобів і мотоциклів,Жінки,734
Полтавська,Інформація та телекомунікації,Жінки,122
Полтавська,Фінансова та страхова діяльність,Чоловіки,33
Полтавська,Державне управління й оборона; обов'язкове соціальне страхування,Жінки,820
Полтавська,Охорона здоров'я та надання соціальної допомоги,Чоловіки,512
Полтавська,Надання інших видів послуг,Чоловіки,3634
Полтавська,"Мистецтво, спорт, розваги та відпочинок",Чоловіки,106
Полтавська,Діяльність у сфері адміністративного та допоміжного обслуговування,Чоловіки,1376
Полтавська,Освіта,Чоловіки,330
Полтавська,Діяльність у сфері адміністративного та допоміжного обслуговування,Жінки,927
Полтавська,Освіта,Жінки,1069
Полтавська,"Мистецтво, спорт, розваги та відпочинок",Жінки,164
Полтавська,Надання інших видів послуг,Жінки,1786
Полтавська,Державне управління й оборона; обов'язкове соціальне страхування,Чоловіки,588
Полтавська,Охорона здоров'я та надання соціальної допомоги,Жінки,410
Рівненська,Діяльність у сфері адміністративного та допоміжного обслуговування,Жінки,816
Рівненська,Надання інших видів послуг,Чоловіки,3422
Рівненська,Діяльність домашніх господарств,Чоловіки,2
Рівненська,Тимчасове розміщування й організація харчування,Жінки,39
Рівненська,Державне управління й оборона; обов'язкове соціальне страхування,Чоловіки,351
Рівненська,Охорона здоров'я та надання соціальної допомоги,Чоловіки,508
Рівненська,"Професійна, наукова та технічна діяльність",Чоловіки,268
Рівненська,Переробна промисловість,Жінки,220
Рівненська,Добувна промисловість і розроблення кар'єрів,Жінки,16
Рівненська,"Транспорт, складське господарство, поштова та кур'єрська діяльність",Жінки,137
Рівненська,"Професійна, наукова та технічна діяльність",Жінки,179
Рівненська,"Сільське господарство, лісове господарство та рибне господарство",Чоловіки,704
Рівненська,"Постачання електроенергії, газу, пари та кондиційованого повітря",Чоловіки,63
Рівненська,Інформація та телекомунікації,Жінки,56
Рівненська,Оптова та роздрібна торгівля; ремонт автотранспортних засобів і мотоциклів,Жінки,429
Рівненська,Тимчасове розміщування й організація харчування,Чоловіки,43
Рівненська,"Транспорт, складське господарство, поштова та кур'єрська діяльність",Чоловіки,383
Рівненська,"Водопостачання; каналізація, поводження з відходами",Чоловіки,59
Рівненська,Операції з нерухомим майном,Чоловіки,463
Рівненська,Освіта,Чоловіки,270
Рівненська,Державне управління й оборона; обов'язкове соціальне страхування,Жінки,570
Рівненська,"Водопостачання; каналізація, поводження з відходами",Жінки,12
Рівненська,Охорона здоров'я та надання соціальної допомоги,Жінки,330
Рівненська,Операції з нерухомим майном,Жінки,250
Рівненська,"Мистецтво, спорт, розваги та відпочинок",Жінки,162
Рівненська,Надання інших видів послуг,Жінки,1291
Рівненська,Добувна промисловість і розроблення кар'єрів,Чоловіки,70
Рівненська,Переробна промисловість,Чоловіки,702
Рівненська,Інформація та телекомунікації,Чоловіки,136
Рівненська,Фінансова та страхова діяльність,Чоловіки,11
Рівненська,Оптова та роздрібна торгівля; ремонт автотранспортних засобів і мотоциклів,Чоловіки,1011
Рівненська,Будівництво,Чоловіки,498
Рівненська,"Постачання електроенергії, газу, пари та кондиційованого повітря",Жінки,9
Рівненська,"Сільське господарство, лісове господарство та рибне господарство",Жінки,130
Рівненська,Діяльність у сфері адміністративного та допоміжного обслуговування,Чоловіки,1049
Рівненська,"Мистецтво, спорт, розваги та відпочинок",Чоловіки,87
Рівненська,Будівництво,Жінки,87
Рівненська,Фінансова та страхова діяльність,Жінки,13
Рівненська,Освіта,Жінки,874
Сумська,Переробна промисловість,Жінки,159
Сумська,Освіта,Жінки,637
Сумська,"Постачання електроенергії, газу, пари та кондиційованого повітря",Жінки,6
Сумська,Інформація та телекомунікації,Жінки,73
Сумська,Тимчасове розміщування й організація харчування,Жінки,75
Сумська,Державне управління й оборона; обов'язкове соціальне страхування,Жінки,545
Сумська,Фінансова та страхова діяльність,Жінки,9
Сумська,Переробна промисловість,Чоловіки,548
Сумська,"Транспорт, складське господарство, поштова та кур'єрська діяльність",Жінки,44
Сумська,Державне управління й оборона; обов'язкове соціальне страхування,Чоловіки,349
Сумська,"Постачання електроенергії, газу, пари та кондиційованого повітря",Чоловіки,49
Сумська,Операції з нерухомим майном,Чоловіки,320
Сумська,Фінансова та страхова діяльність,Чоловіки,6
Сумська,"Транспорт, складське господарство, поштова та кур'єрська діяльність",Чоловіки,156
Сумська,Оптова та роздрібна торгівля; ремонт автотранспортних засобів і мотоциклів,Чоловіки,791
Сумська,Освіта,Чоловіки,189
Сумська,Надання інших видів послуг,Чоловіки,2803
Сумська,"Мистецтво, спорт, розваги та відпочинок",Жінки,116
Сумська,Будівництво,Жінки,76
Сумська,"Сільське господарство, лісове господарство та рибне господарство",Жінки,213
Сумська,Надання інших видів послуг,Жінки,1184
Сумська,"Професійна, наукова та технічна діяльність",Жінки,119
Сумська,Будівництво,Чоловіки,310
Сумська,"Водопостачання; каналізація, поводження з відходами",Чоловіки,74
Сумська,Добувна промисловість і розроблення кар'єрів,Жінки,3
Сумська,Охорона здоров'я та надання соціальної допомоги,Жінки,306
Сумська,Діяльність у сфері адміністративного та допоміжного обслуговування,Жінки,492
Сумська,"Професійна, наукова та технічна діяльність",Чоловіки,179
Сумська,Охорона здоров'я та надання соціальної допомоги,Чоловіки,380
Сумська,Добувна промисловість і розроблення кар'єрів,Чоловіки,13
Сумська,Інформація та телекомунікації,Чоловіки,100
Сумська,Тимчасове розміщування й організація харчування,Чоловіки,70
Сумська,"Сільське господарство, лісове господарство та рибне господарство",Чоловіки,1021
Сумська,"Водопостачання; каналізація, поводження з відходами",Жінки,31
Сумська,"Мистецтво, спорт, розваги та відпочинок",Чоловіки,62
Сумська,Діяльність у сфері адміністративного та допоміжного обслуговування,Чоловіки,695
Сумська,Оптова та роздрібна торгівля; ремонт автотранспортних засобів і мотоциклів,Жінки,362
Сумська,Операції з нерухомим майном,Жінки,266
Тернопільська,Тимчасове розміщування й організація харчування,Жінки,45
Тернопільська,Переробна промисловість,Жінки,135
Тернопільська,"Постачання електроенергії, газу, пари та кондиційованого повітря",Чоловіки,73
Тернопільська,Добувна промисловість і розроблення кар'єрів,Чоловіки,57
Тернопільська,Будівництво,Чоловіки,357
Тернопільська,Добувна промисловість і розроблення кар'єрів,Жінки,7
Тернопільська,"Транспорт, складське господарство, поштова та кур'єрська діяльність",Жінки,63
Тернопільська,Оптова та роздрібна торгівля; ремонт автотранспортних засобів і мотоциклів,Чоловіки,721
Тернопільська,"Водопостачання; каналізація, поводження з відходами",Жінки,30
Тернопільська,Державне управління й оборона; обов'язкове соціальне страхування,Жінки,549
Тернопільська,Інформація та телекомунікації,Жінки,63
Тернопільська,Переробна промисловість,Чоловіки,577
Тернопільська,Фінансова та страхова діяльність,Чоловіки,10
Тернопільська,"Сільське господарство, лісове господарство та рибне господарство",Жінки,164
Тернопільська,Будівництво,Жінки,95
Тернопільська,Операції з нерухомим майном,Жінки,159
Тернопільська,Діяльність у сфері адміністративного та допоміжного обслуговування,Чоловіки,1409
Тернопільська,Оптова та роздрібна торгівля; ремонт автотранспортних засобів і мотоциклів,Жінки,262
Тернопільська,Інформація та телекомунікації,Чоловіки,101
Тернопільська,"Транспорт, складське господарство, поштова та кур'єрська діяльність",Чоловіки,293
Тернопільська,Операції з нерухомим майном,Чоловіки,312
Тернопільська,"Професійна, наукова та технічна діяльність",Жінки,89
Тернопільська,"Водопостачання; каналізація, поводження з відходами",Чоловіки,95
Тернопільська,Діяльність у сфері адміністративного та допоміжного обслуговування,Жінки,974
Тернопільська,Фінансова та страхова діяльність,Жінки,8
Тернопільська,"Постачання електроенергії, газу, пари та кондиційованого повітря",Жінки,21
Тернопільська,"Професійна, наукова та технічна діяльність",Чоловіки,198
Тернопільська,Тимчасове розміщування й організація харчування,Чоловіки,38
Тернопільська,"Сільське господарство, лісове господарство та рибне господарство",Чоловіки,920
Тернопільська,Охорона здоров'я та надання соціальної допомоги,Жінки,290
Тернопільська,Надання інших видів послуг,Чоловіки,3585
Тернопільська,Державне управління й оборона; обов'язкове соціальне страхування,Чоловіки,398
Тернопільська,"Мистецтво, спорт, розваги та відпочинок",Жінки,124
Тернопільська,Надання інших видів послуг,Жінки,962
Тернопільська,Освіта,Чоловіки,316
Тернопільська,"Мистецтво, спорт, розваги та відпочинок",Чоловіки,123
Тернопільська,Освіта,Жінки,1028
Тернопільська,Охорона здоров'я та надання соціальної допомоги,Чоловіки,566
Харківська,"Сільське господарство, лісове господарство та рибне господарство",Жінки,378
Харківська,"Сільське господарство, лісове господарство та рибне господарство",Чоловіки,1428
Харківська,Діяльність у сфері адміністративного та допоміжного обслуговування,Жінки,1827
Харківська,Оптова та роздрібна торгівля; ремонт автотранспортних засобів і мотоциклів,Жінки,1644
Харківська,Надання інших видів послуг,Жінки,2767
Харківська,Добувна промисловість і розроблення кар'єрів,Жінки,2
Харківська,"Професійна, наукова та технічна діяльність",Жінки,677
Харківська,"Транспорт, складське господарство, поштова та кур'єрська діяльність",Жінки,215
Харківська,Тимчасове розміщування й організація харчування,Жінки,171
Харківська,Будівництво,Жінки,246
Харківська,"Мистецтво, спорт, розваги та відпочинок",Жінки,194
Харківська,Фінансова та страхова діяльність,Жінки,58
Харківська,Надання інших видів послуг,Чоловіки,5000
Харківська,Освіта,Жінки,1424
Харківська,Переробна промисловість,Чоловіки,2353
Харківська,Фінансова та страхова діяльність,Чоловіки,89
Харківська,Оптова та роздрібна торгівля; ремонт автотранспортних засобів і мотоциклів,Чоловіки,3923
Харківська,Державне управління й оборона; обов'язкове соціальне страхування,Чоловіки,567
Харківська,Охорона здоров'я та надання соціальної допомоги,Жінки,932
Харківська,"Постачання електроенергії, газу, пари та кондиційованого повітря",Жінки,37
Харківська,Операції з нерухомим майном,Чоловіки,1720
Харківська,"Постачання електроенергії, газу, пари та кондиційованого повітря",Чоловіки,112
Харківська,"Транспорт, складське господарство, поштова та кур'єрська діяльність",Чоловіки,498
Харківська,Інформація та телекомунікації,Чоловіки,696
Харківська,Будівництво,Чоловіки,1167
Харківська,Добувна промисловість і розроблення кар'єрів,Чоловіки,35
Харківська,"Мистецтво, спорт, розваги та відпочинок",Чоловіки,178
Харківська,Освіта,Чоловіки,369
Харківська,Діяльність у сфері адміністративного та допоміжного обслуговування,Чоловіки,2704
Харківська,Операції з нерухомим майном,Жінки,1035
Харківська,Державне управління й оборона; обов'язкове соціальне страхування,Жінки,793
Харківська,Переробна промисловість,Жінки,749
Харківська,Інформація та телекомунікації,Жінки,286
Харківська,"Водопостачання; каналізація, поводження з відходами",Чоловіки,128
Харківська,Тимчасове розміщування й організація харчування,Чоловіки,154
Харківська,"Водопостачання; каналізація, поводження з відходами",Жінки,38
Харківська,Охорона здоров'я та надання соціальної допомоги,Чоловіки,1309
Харківська,"Професійна, наукова та технічна діяльність",Чоловіки,996
Херсонська,Фінансова та страхова діяльність,Чоловіки,9
Херсонська,Операції з нерухомим майном,Чоловіки,117
Херсонська,Інформація та телекомунікації,Чоловіки,46
Херсонська,Тимчасове розміщування й організація харчування,Чоловіки,19
Херсонська,Діяльність у сфері адміністративного та допоміжного обслуговування,Жінки,1105
Херсонська,Оптова та роздрібна торгівля; ремонт автотранспортних засобів і мотоциклів,Чоловіки,247
Херсонська,"Транспорт, складське господарство, поштова та кур'єрська діяльність",Жінки,29
Херсонська,"Транспорт, складське господарство, поштова та кур'єрська діяльність",Чоловіки,99
Херсонська,Освіта,Чоловіки,184
Херсонська,Державне управління й оборона; обов'язкове соціальне страхування,Чоловіки,489
Херсонська,Діяльність у сфері адміністративного та допоміжного обслуговування,Чоловіки,853
Херсонська,"Професійна, наукова та технічна діяльність",Чоловіки,112
Херсонська,"Мистецтво, спорт, розваги та відпочинок",Чоловіки,74
Херсонська,"Постачання електроенергії, газу, пари та кондиційованого повітря",Чоловіки,27
Херсонська,Переробна промисловість,Чоловіки,127
Херсонська,Надання інших видів послуг,Чоловіки,2293
Херсонська,Охорона здоров'я та надання соціальної допомоги,Чоловіки,262
Херсонська,Будівництво,Чоловіки,111
Херсонська,"Водопостачання; каналізація, поводження з відходами",Чоловіки,51
Херсонська,Добувна промисловість і розроблення кар'єрів,Чоловіки,4
Херсонська,"Сільське господарство, лісове господарство та рибне господарство",Чоловіки,278
Херсонська,Операції з нерухомим майном,Жінки,61
Херсонська,Тимчасове розміщування й організація харчування,Жінки,17
Херсонська,Надання інших видів послуг,Жінки,1148
Херсонська,Оптова та роздрібна торгівля; ремонт автотранспортних засобів і мотоциклів,Жінки,130
Херсонська,Добувна промисловість і розроблення кар'єрів,Жінки,1
Херсонська,Фінансова та страхова діяльність,Жінки,4
Херсонська,Охорона здоров'я та надання соціальної допомоги,Жінки,296
Херсонська,"Постачання електроенергії, газу, пари та кондиційованого повітря",Жінки,13
Херсонська,Інформація та телекомунікації,Жінки,20
Херсонська,Освіта,Жінки,878
Херсонська,"Водопостачання; каналізація, поводження з відходами",Жінки,16
Херсонська,Державне управління й оборона; обов'язкове соціальне страхування,Жінки,719
Херсонська,Будівництво,Жінки,33
Херсонська,Переробна промисловість,Жінки,36
Херсонська,"Сільське господарство, лісове господарство та рибне господарство",Жінки,73
Херсонська,"Мистецтво, спорт, розваги та відпочинок",Жінки,231
Херсонська,"Професійна, наукова та технічна діяльність",Жінки,97
Хмельницька,Інформація та телекомунікації,Чоловіки,151
Хмельницька,Операції з нерухомим майном,Чоловіки,453
Хмельницька,"Професійна, наукова та технічна діяльність",Чоловіки,255
Хмельницька,Фінансова та страхова діяльність,Чоловіки,19
Хмельницька,Тимчасове розміщування й організація харчування,Чоловіки,79
Хмельницька,"Транспорт, складське господарство, поштова та кур'єрська діяльність",Чоловіки,271
Хмельницька,Оптова та роздрібна торгівля; ремонт автотранспортних засобів і мотоциклів,Чоловіки,1113
Хмельницька,Діяльність у сфері адміністративного та допоміжного обслуговування,Чоловіки,1777
Хмельницька,Інформація та телекомунікації,Жінки,67
Хмельницька,Переробна промисловість,Чоловіки,805
Хмельницька,"Сільське господарство, лісове господарство та рибне господарство",Чоловіки,1454
Хмельницька,Освіта,Чоловіки,334
Хмельницька,Державне управління й оборона; обов'язкове соціальне страхування,Чоловіки,542
Хмельницька,Добувна промисловість і розроблення кар'єрів,Чоловіки,53
Хмельницька,Будівництво,Чоловіки,630
Хмельницька,"Водопостачання; каналізація, поводження з відходами",Чоловіки,66
Хмельницька,"Постачання електроенергії, газу, пари та кондиційованого повітря",Чоловіки,125
Хмельницька,Освіта,Жінки,1153
Хмельницька,Фінансова та страхова діяльність,Жінки,12
Хмельницька,Добувна промисловість і розроблення кар'єрів,Жінки,7
Хмельницька,Тимчасове розміщування й організація харчування,Жінки,73
Хмельницька,Діяльність у сфері адміністративного та допоміжного обслуговування,Жінки,946
Хмельницька,"Постачання електроенергії, газу, пари та кондиційованого повітря",Жінки,34
Хмельницька,"Професійна, наукова та технічна діяльність",Жінки,149
Хмельницька,Оптова та роздрібна торгівля; ремонт автотранспортних засобів і мотоциклів,Жінки,536
Хмельницька,Будівництво,Жінки,138
Хмельницька,"Сільське господарство, лісове господарство та рибне господарство",Жінки,324
Хмельницька,Операції з нерухомим майном,Жінки,304
Хмельницька,"Водопостачання; каналізація, поводження з відходами",Жінки,14
Хмельницька,"Транспорт, складське господарство, поштова та кур'єрська діяльність",Жінки,103
Хмельницька,Державне управління й оборона; обов'язкове соціальне страхування,Жінки,683
Хмельницька,Переробна промисловість,Жінки,234
Хмельницька,"Мистецтво, спорт, розваги та відпочинок",Чоловіки,87
Хмельницька,Охорона здоров'я та надання соціальної допомоги,Чоловіки,537
Хмельницька,Надання інших видів послуг,Чоловіки,3648
Хмельницька,Охорона здоров'я та надання соціальної допомоги,Жінки,390
Хмельницька,Надання інших видів послуг,Жінки,1490
Хмельницька,"Мистецтво, спорт, розваги та відпочинок",Жінки,126
Черкаська,Добувна промисловість і розроблення кар'єрів,Чоловіки,24
Черкаська,"Сільське господарство, лісове господарство та рибне господарство",Чоловіки,1856
Черкаська,"Сільське господарство, лісове господарство та рибне господарство",Жінки,439
Черкаська,Добувна промисловість і розроблення кар'єрів,Жінки,2
Черкаська,Переробна промисловість,Жінки,275
Черкаська,"Постачання електроенергії, газу, пари та кондиційованого повітря",Жінки,34
Черкаська,Охорона здоров'я та надання соціальної допомоги,Жінки,395
Черкаська,Будівництво,Жінки,143
Черкаська,Тимчасове розміщування й організація харчування,Жінки,62
Черкаська,"Мистецтво, спорт, розваги та відпочинок",Жінки,159
Черкаська,Надання інших видів послуг,Чоловіки,3174
Черкаська,Державне управління й оборона; обов'язкове соціальне страхування,Чоловіки,677
Черкаська,Фінансова та страхова діяльність,Жінки,18
Черкаська,Освіта,Жінки,883
Черкаська,"Транспорт, складське господарство, поштова та кур'єрська діяльність",Чоловіки,372
Черкаська,Інформація та телекомунікації,Чоловіки,171
Черкаська,Будівництво,Чоловіки,556
Черкаська,Фінансова та страхова діяльність,Чоловіки,25
Черкаська,Тимчасове розміщування й організація харчування,Чоловіки,63
Черкаська,Оптова та роздрібна торгівля; ремонт автотранспортних засобів і мотоциклів,Чоловіки,1327
Черкаська,"Водопостачання; каналізація, поводження з відходами",Чоловіки,94
Черкаська,"Постачання електроенергії, газу, пари та кондиційованого повітря",Чоловіки,112
Черкаська,Переробна промисловість,Чоловіки,884
Черкаська,"Мистецтво, спорт, розваги та відпочинок",Чоловіки,95
Черкаська,Надання інших видів послуг,Жінки,1424
Черкаська,Освіта,Чоловіки,246
Черкаська,Оптова та роздрібна торгівля; ремонт автотранспортних засобів і мотоциклів,Жінки,540
Черкаська,Діяльність у сфері адміністративного та допоміжного обслуговування,Чоловіки,1344
Черкаська,Діяльність у сфері адміністративного та допоміжного обслуговування,Жінки,883
Черкаська,Операції з нерухомим майном,Чоловіки,487
Черкаська,"Транспорт, складське господарство, поштова та кур'єрська діяльність",Жінки,141
Черкаська,"Професійна, наукова та технічна діяльність",Жінки,168
Черкаська,Операції з нерухомим майном,Жінки,317
Черкаська,Державне управління й оборона; обов'язкове соціальне страхування,Жінки,960
Черкаська,Інформація та телекомунікації,Жінки,94
Черкаська,Охорона здоров'я та надання соціальної допомоги,Чоловіки,540
Черкаська,"Професійна, наукова та технічна діяльність",Чоловіки,264
Черкаська,"Водопостачання; каналізація, поводження з відходами",Жінки,13
Чернівецька,Добувна промисловість і розроблення кар'єрів,Жінки,5
Чернівецька,Діяльність у сфері адміністративного та допоміжного обслуговування,Жінки,479
Чернівецька,"Транспорт, складське господарство, поштова та кур'єрська діяльність",Жінки,69
Чернівецька,Фінансова та страхова діяльність,Чоловіки,12
Чернівецька,"Професійна, наукова та технічна діяльність",Чоловіки,123
Чернівецька,Тимчасове розміщування й організація харчування,Жінки,41
Чернівецька,Надання інших видів послуг,Чоловіки,2771
Чернівецька,"Водопостачання; каналізація, поводження з відходами",Чоловіки,36
Чернівецька,Переробна промисловість,Чоловіки,409
Чернівецька,Охорона здоров'я та надання соціальної допомоги,Чоловіки,480
Чернівецька,Державне управління й оборона; обов'язкове соціальне страхування,Чоловіки,340
Чернівецька,Державне управління й оборона; обов'язкове соціальне страхування,Жінки,360
Чернівецька,Тимчасове розміщування й організація харчування,Чоловіки,45
Чернівецька,Оптова та роздрібна торгівля; ремонт автотранспортних засобів і мотоциклів,Чоловіки,570
Чернівецька,"Сільське господарство, лісове господарство та рибне господарство",Чоловіки,479
Чернівецька,Освіта,Жінки,621
Чернівецька,Переробна промисловість,Жінки,138
Чернівецька,Операції з нерухомим майном,Чоловіки,234
Чернівецька,Будівництво,Жінки,40
Чернівецька,"Професійна, наукова та технічна діяльність",Жінки,83
Чернівецька,"Постачання електроенергії, газу, пари та кондиційованого повітря",Чоловіки,32
Чернівецька,"Сільське господарство, лісове господарство та рибне господарство",Жінки,127
Чернівецька,"Транспорт, складське господарство, поштова та кур'єрська діяльність",Чоловіки,260
Чернівецька,Освіта,Чоловіки,220
Чернівецька,"Мистецтво, спорт, розваги та відпочинок",Жінки,114
Чернівецька,Охорона здоров'я та надання соціальної допомоги,Жінки,340
Чернівецька,"Водопостачання; каналізація, поводження з відходами",Жінки,8
Чернівецька,Фінансова та страхова діяльність,Жінки,4
Чернівецька,"Постачання електроенергії, газу, пари та кондиційованого повітря",Жінки,12
Чернівецька,Інформація та телекомунікації,Жінки,37
Чернівецька,Надання інших видів послуг,Жінки,973
Чернівецька,Інформація та телекомунікації,Чоловіки,101
Чернівецька,Діяльність у сфері адміністративного та допоміжного обслуговування,Чоловіки,828
Чернівецька,Операції з нерухомим майном,Жінки,149
Чернівецька,Будівництво,Чоловіки,305
Чернівецька,"Мистецтво, спорт, розваги та відпочинок",Чоловіки,103
Чернівецька,Добувна промисловість і розроблення кар'єрів,Чоловіки,26
Чернівецька,Оптова та роздрібна торгівля; ремонт автотранспортних засобів і мотоциклів,Жінки,270
Чернігівська,"Транспорт, складське господарство, поштова та кур'єрська діяльність",Жінки,72
Чернігівська,Добувна промисловість і розроблення кар'єрів,Жінки,4
Чернігівська,Освіта,Жінки,749
Чернігівська,"Постачання електроенергії, газу, пари та кондиційованого повітря",Жінки,6
Чернігівська,Оптова та роздрібна торгівля; ремонт автотранспортних засобів і мотоциклів,Жінки,319
Чернігівська,Тимчасове розміщування й організація харчування,Жінки,79
Чернігівська,"Постачання електроенергії, газу, пари та кондиційованого повітря",Чоловіки,39
Чернігівська,Операції з нерухомим майном,Чоловіки,294
Чернігівська,"Транспорт, складське господарство, поштова та кур'єрська діяльність",Чоловіки,231
Чернігівська,Діяльність у сфері адміністративного та допоміжного обслуговування,Жінки,422
Чернігівська,"Мистецтво, спорт, розваги та відпочинок",Чоловіки,90
Чернігівська,Охорона здоров'я та надання соціальної допомоги,Чоловіки,366
Чернігівська,Освіта,Чоловіки,237
Чернігівська,Державне управління й оборона; обов'язкове соціальне страхування,Чоловіки,353
Чернігівська,"Водопостачання; каналізація, поводження з відходами",Жінки,18
Чернігівська,Операції з нерухомим майном,Жінки,209
Чернігівська,"Мистецтво, спорт, розваги та відпочинок",Жінки,143
Чернігівська,Будівництво,Жінки,62
Чернігівська,Переробна промисловість,Чоловіки,514
Чернігівська,Фінансова та страхова діяльність,Чоловіки,12
Чернігівська,Тимчасове розміщування й організація харчування,Чоловіки,53
Чернігівська,Охорона здоров'я та надання соціальної допомоги,Жінки,295
Чернігівська,Фінансова та страхова діяльність,Жінки,14
Чернігівська,"Професійна, наукова та технічна діяльність",Чоловіки,150
Чернігівська,Оптова та роздрібна торгівля; ремонт автотранспортних засобів і мотоциклів,Чоловіки,759
Чернігівська,"Водопостачання; каналізація, поводження з відходами",Чоловіки,65
Чернігівська,"Сільське господарство, лісове господарство та рибне господарство",Чоловіки,1133
Чернігівська,"Сільське господарство, лісове господарство та рибне господарство",Жінки,246
Чернігівська,"Професійна, наукова та технічна діяльність",Жінки,118
Чернігівська,Інформація та телекомунікації,Жінки,56
Чернігівська,Державне управління й оборона; обов'язкове соціальне страхування,Жінки,573
Чернігівська,Переробна промисловість,Жінки,169
Чернігівська,Добувна промисловість і розроблення кар'єрів,Чоловіки,6
Чернігівська,Інформація та телекомунікації,Чоловіки,107
Чернігівська,Діяльність у сфері адміністративного та допоміжного обслуговування,Чоловіки,651
Чернігівська,Будівництво,Чоловіки,235
Чернігівська,Надання інших видів послуг,Жінки,1237
Чернігівська,Надання інших видів послуг,Чоловіки,2404
Чернігівська,Діяльність домашніх господарств,Чоловіки,1
Київ,"Постачання електроенергії, газу, пари та кондиційованого повітря",Чоловіки,894
Київ,"Сільське господарство, лісове господарство та рибне господарство",Чоловіки,732
Київ,Переробна промисловість,Жінки,2059
Київ,"Сільське господарство, лісове господарство та рибне господарство",Жінки,237
Київ,"Постачання електроенергії, газу, пари та кондиційованого повітря",Жінки,323
Київ,Добувна промисловість і розроблення кар'єрів,Чоловіки,255
Київ,Переробна промисловість,Чоловіки,6152
Київ,Добувна промисловість і розроблення кар'єрів,Жінки,70
Київ,Оптова та роздрібна торгівля; ремонт автотранспортних засобів і мотоциклів,Жінки,7876
Київ,"Професійна, наукова та технічна діяльність",Жінки,5023
Київ,Надання інших видів послуг,Жінки,7770
Київ,Охорона здоров'я та надання соціальної допомоги,Чоловіки,6278
Київ,Діяльність у сфері адміністративного та допоміжного обслуговування,Жінки,3667
Київ,Діяльність домашніх господарств,Жінки,1
Київ,Діяльність екстериторіальних організацій і органів,Чоловіки,6
Київ,"Професійна, наукова та технічна діяльність",Чоловіки,8003
Київ,Надання інших видів послуг,Чоловіки,16824
Київ,Державне управління й оборона; обов'язкове соціальне страхування,Чоловіки,540
Київ,Фінансова та страхова діяльність,Чоловіки,1385
Київ,Тимчасове розміщування й організація харчування,Чоловіки,1044
Київ,"Водопостачання; каналізація, поводження з відходами",Чоловіки,250
Київ,"Мистецтво, спорт, розваги та відпочинок",Жінки,384
Київ,Будівництво,Жінки,1586
Київ,"Транспорт, складське господарство, поштова та кур'єрська діяльність",Жінки,1150
Київ,Освіта,Чоловіки,924
Київ,Фінансова та страхова діяльність,Жінки,720
Київ,Діяльність домашніх господарств,Чоловіки,5
Київ,Операції з нерухомим майном,Чоловіки,6127
Київ,"Транспорт, складське господарство, поштова та кур'єрська діяльність",Чоловіки,2961
Київ,Інформація та телекомунікації,Жінки,2449
Київ,Освіта,Жінки,1883
Київ,"Водопостачання; каналізація, поводження з відходами",Жінки,83
Київ,Державне управління й оборона; обов'язкове соціальне страхування,Жінки,313
Київ,Тимчасове розміщування й організація харчування,Жінки,972
Київ,Будівництво,Чоловіки,6529
Київ,Оптова та роздрібна торгівля; ремонт автотранспортних засобів і мотоциклів,Чоловіки,18226
Київ,Охорона здоров'я та надання соціальної допомоги,Жінки,4014
Київ,"Мистецтво, спорт, розваги та відпочинок",Чоловіки,661
Київ,Діяльність у сфері адміністративного та допоміжного обслуговування,Чоловіки,5681
Київ,Інформація та телекомунікації,Чоловіки,5173
Київ,Операції з нерухомим майном,Жінки,4120
